aina-kiko,aina-kiko Defence Force,A-KM26-2,18
aina-kiko,aina-kiko Defence Force,A-KTALV-3 mod. 1,6
aina-kiko,Regi1 isopods,A-K Giant Isopod,48
aina-kiko,Regi1 isopods,A-K Isopod,84
aina-kiko,Regi3 AA,A-KTALV-4 AsH,6
aina-kiko,Regi4 heavies,A-K46 RKS,54
aina-kiko,Royal Capital Mounted Gaurd,A-K Iron Bull Tankette,5
aina-kiko,Mercenary Co.,HTE-V2,1
aina-kiko,Mercenary Co.,MTE-V1,5
aina-kiko,Mercenary Co.,TE-V1 (6.2cm) T5,1
aina-kiko,Mercenary Co.,MSB-Z č. 9-A,1
aina-kiko,Mercenary Co.,AMA T-14AK-F,6
aina-kiko,Mercenary Co.,MSB-Z č. 11-B Albatrosík-Z,1
aina-kiko,Mercenary Co.,MSB-Z č. 8-A,8
austrondian,austrondian Defence Force,HRT 4,23
austrondian,austrondian Defence Force,HOLT 1,4
austrondian,Wolfpack Raiders,HRT 1,40
austrondian,Wolfpack Raiders,HRT 2,74
austrondian,IronWolf Raiders,HRT 3,70
bugoslavia,Artic Clipper,DT-obj251,1
bugoslavia,Artic Clipper,MSB-Z č. 6-A,1
bugoslavia,Artic Clipper,Objekt 247,7
bugoslavia,Artic Clipper,DT-obj13,1
bugoslavia,Nuna Wedgie,Objekt 247,7
bugoslavia,Nuna Wedgie,Objekt 126U,23
bugoslavia,Nuna Wedgie,DT-obj14,20
bugoslavia,Nuna Wedgie,T-Drakken-U5,18
bugoslavia,-establishRegiment,DT-obj-33,40
bugoslavia,Capital Defence,Objekt 247,14
bugoslavia,Capital Defence,Objekt 126U,24
bugoslavia,Capital Defence,DT-obj14,22
bugoslavia,Anvil,Objekt 247,14
bugoslavia,Anvil,Objekt 126U,23
bugoslavia,Anvil,DT-obj14,20
bugoslavia,Anvil,T-Drakken-U5,18
bugoslavia,Anvil,DT-obj-33,1
bugoslavia,Shoi Clipper,MSB-Z č. 6-A,1
bugoslavia,Shoi Clipper,DT-obj-33,1
ghania,ghania Defence Force,Z45 i,14
ghania,ghania Defence Force,Z122 s,0
ghania,ghania Defence Force,ZIK-BOI Skout,0
ghania,ghania Defence Force,JTP 2L Gremlin,4
ghania,ghania Defence Force,z16 k,4
ghania,ghania Defence Force,Z34 g,4
ghania,ghania Defence Force,C-2,1
ghania,ghania Defence Force,M20-65,2
ghania,ghania Defence Force,ZIK-MAT 4,1
ghania,ghania Defence Force,Z31 k,4
ghania,ghania Defence Force,MSB-Z č. 6-A,2
ghania,ghania Defence Force,Z42 g,5
ghania,ghania Defence Force,ZIK-AT 5,2
ghania,ghania Defence Force,ZIK-MAT 5,2
ghania,ghania Defence Force,ZIK-ISAK 4-7,2
ghania,ghania Defence Force,ZIK-MAT 7,2
ghania,ghania Defence Force,Z62 d Spahi,7
ghania,ghania Defence Force,ZIK-AT 10.2,0
ghania,ghania Defence Force,TE-V1 (6.2cm) T5,0
ghania,ghania Defence Force,Z165 s,0
ghania,army group 1,ZIK-BOI Skout,20
ghania,army group 1,Z45 i,30
ghania,army group 1,Z122 s,98
ghania,army group 1,TE-V1 (6.2cm) T5,2
ghania,army group 2,ZIK-BOI Skout,20
ghania,army group 2,Z45 i,23
ghania,army group 2,Z122 s,100
ghania,army group 3,ZIK-BOI Skout,32
ghania,army group 3,Z45 i,50
ghania,army group 3,Z122 s,20
ghania,army group 3,ZIK-AT 10.2,5
ghania,army group 3,Z165 s,44
nunatuniq,1st Armored Fighting Corp,.Nigelcore [AV],4
nunatuniq,1st Armored Fighting Corp,Buy AVM Next Time [AV],8
nunatuniq,1st Armored Fighting Corp,AV 16M,9
nunatuniq,1st Armored Fighting Corp,AV 14M,5
nunatuniq,1st Armored Fighting Corp,ZIK-AT 10.2,1
nunatuniq,1st Armored Fighting Corp,TE-V1 (6.2cm) T5,1
nunatuniq,2nd Armored Fighting Corp,AV 16M,9
nunatuniq,2nd Armored Fighting Corp,AV 14M,5
nunatuniq,2nd Armored Fighting Corp,ZIK-MAT 10,1
nunatuniq,2nd Armored Fighting Corp,TE-V2,1
nunatuniq,2nd Armored Fighting Corp,.Nigelcore [AV],3
nunatuniq,2nd Armored Fighting Corp,Buy AVM Next Time [AV],8
nunatuniq,3rd Armored Fighting Corp,.Nigelcore [AV],3
nunatuniq,3rd Armored Fighting Corp,Buy AVM Next Time [AV],8
nunatuniq,3rd Armored Fighting Corp,AV 13M,5
nunatuniq,4th Armored Fighting Corp,.Nigelcore [AV],3
nunatuniq,4th Armored Fighting Corp,Buy AVM Next Time [AV],8
nunatuniq,4th Armored Fighting Corp,AV 13M,6
nunatuniq,4th Armored Fighting Corp,Waffles cant aim [AV],1
nunatuniq,5th Armored Fighting Corp,ZTD-2B,1
nunatuniq,5th Armored Fighting Corp,AV 12M,6
nunatuniq,5th Armored Fighting Corp,Waffles cant aim [AV],1
nunatuniq,5th Armored Fighting Corp,AV 16M,1
nunatuniq,5th Armored Fighting Corp,ZTD-3A,2
nunatuniq,5th Armored Fighting Corp,Buy AVM Next Time [AV],2
nunatuniq,5th Armored Fighting Corp,.Nigelcore [AV],1
nunatuniq,5th Armored Fighting Corp,ZIK-MAT 10,1
nunatuniq,1st Armored Defense Corp,Waffles cant aim [AV],2
nunatuniq,1st Armored Defense Corp,AV 12M,1
nunatuniq,1st Armored Defense Corp,AV 14M,1
nunatuniq,2nd Armored Defense Corp,Waffles cant aim [AV],2
nunatuniq,2nd Armored Defense Corp,AV 12M,1
nunatuniq,2nd Armored Defense Corp,AV 14M,1
nunatuniq,3rd Armored Defense Corp,Waffles cant aim [AV],2
nunatuniq,3rd Armored Defense Corp,AV 12M,1
nunatuniq,3rd Armored Defense Corp,AV 14M,1
nunatuniq,4th Armored Defense Corp,Waffles cant aim [AV],2
nunatuniq,4th Armored Defense Corp,AV 12M,1
nunatuniq,4th Armored Defense Corp,AV 14M,1
nunatuniq,5th Armored Defense Corp,Waffles cant aim [AV],2
nunatuniq,5th Armored Defense Corp,AV 12M,1
nunatuniq,5th Armored Defense Corp,AV 14M,1
nunatuniq,6th Armored Defense Corp,Waffles cant aim [AV],2
nunatuniq,6th Armored Defense Corp,AV 12M,1
nunatuniq,6th Armored Defense Corp,AV 14M,1
nunatuniq,7th Armored Defense Corp,Waffles cant aim [AV],2
nunatuniq,7th Armored Defense Corp,AV 12M,1
nunatuniq,7th Armored Defense Corp,AV 14M,1
nunatuniq,8th Armored Defense Corp,Waffles cant aim [AV],2
nunatuniq,8th Armored Defense Corp,AV 12M,1
nunatuniq,8th Armored Defense Corp,AV 14M,1
nunatuniq,9th Armored Defense Corp,Waffles cant aim [AV],2
nunatuniq,9th Armored Defense Corp,AV 12M,1
nunatuniq,9th Armored Defense Corp,AV 14M,1
nunatuniq,10th Armored Defense Corp,Waffles cant aim [AV],2
nunatuniq,10th Armored Defense Corp,AV 12M,1
nunatuniq,10th Armored Defense Corp,AV 14M,1
nunatuniq,11th Armored Defense Corp,Waffles cant aim [AV],2
nunatuniq,11th Armored Defense Corp,AV 12M,1
nunatuniq,11th Armored Defense Corp,AV 14M,1
nunatuniq,12th Armored Defense Corp,Waffles cant aim [AV],2
nunatuniq,12th Armored Defense Corp,AV 12M,1
nunatuniq,12th Armored Defense Corp,AV 14M,1
nunatuniq,13th Armored Defense Corp,Waffles cant aim [AV],2
nunatuniq,13th Armored Defense Corp,AV 12M,1
nunatuniq,13th Armored Defense Corp,AV 14M,1
nunatuniq,14th Armored Defense Corp,Waffles cant aim [AV],2
nunatuniq,14th Armored Defense Corp,AV 12M,1
nunatuniq,14th Armored Defense Corp,AV 14M,1
nunatuniq,15th Armored Defense Corp,Waffles cant aim [AV],2
nunatuniq,15th Armored Defense Corp,AV 12M,1
nunatuniq,15th Armored Defense Corp,AV 14M,1
nunatuniq,16th Armored Defense Corp,Waffles cant aim [AV],2
nunatuniq,16th Armored Defense Corp,AV 12M,1
nunatuniq,16th Armored Defense Corp,AV 14M,1
nunatuniq,17th Armored Defense Corp,Waffles cant aim [AV],2
nunatuniq,17th Armored Defense Corp,AV 12M,1
nunatuniq,17th Armored Defense Corp,AV 14M,1
nunatuniq,18th Armored Defense Corp,Waffles cant aim [AV],2
nunatuniq,18th Armored Defense Corp,AV 12M,1
nunatuniq,18th Armored Defense Corp,AV 14M,1
posterian,P1,STG Cb25,3
posterian,P1,STG Cs25-2,27
posterian,P1,MSB-Z č. 15-A Citadela,5
posterian,P1,.Nigelcore [AV],2
posterian,P1,BMW CL - 6 S11,6
posterian,P2,STG Cb25,3
posterian,P2,STG Cs25-2,27
posterian,P2,MSB-Z č. 15-A Citadela,5
posterian,P2,BMW CL - 6 S11,6
posterian,P3,STG Cb25,1
posterian,P3,STG Cs25-2,14
posterian,P3,MSB-Z č. 15-A Citadela,2
posterian,P3,BMW CL - 6 S11,13
posterian,P3,POS H-16 v2,4
posterian,P3,MSB-Z č. 12-A,1
posterian,P3,M30-105,2
posterian,P4,STG Cb25,1
posterian,P4,STG Cs25-2,14
posterian,P4,MSB-Z č. 15-A Citadela,2
posterian,P4,BMW CL - 6 S11,13
posterian,P4,POS H-16 v2,4
posterian,P4,M30-105,5
posterian,N1,STG Cs25-2,5
posterian,L1,STG Cb11,6
posterian,L1,MSB-Z č. 11-B Albatrosík-Z,6
posterian,L1,BMW CL - 6 S11,7
posterian,L1,ZIK-MAT 7,3
posterian,L1,MSB-Z č. 12-A,4
posterian,L1,STG Cb17,6
posterian,L2,BMW CL - 6 S11,3
posterian,L2,AV 26L,1
posterian,L2,HTE-V1,1
posterian,L2,LT-25-2,2
posterian,L2,POS H-12 v2,2
posterian,L2,AMA C-3C,5
posterian,L2,AV 14M,2
posterian,L3,AV 8H,1
posterian,L3,MSB-Z č. 9-A,1
posterian,L3,MSB-Z č. 12-A,3
posterian,L3,TK-26,1
posterian,L3,POS H-10,1
posterian,L3,STG Cb17,3
posterian,L3,AV 12W,2
posterian,L4,AV 8H,1
posterian,L4,M20-96,1
posterian,L4,MSB-Z č. 12-A,3
posterian,L4,TK-26,1
posterian,L4,POS H-10,1
posterian,L4,STG Cb17,3
posterian,L4,AV 12W,2
posterian,I1,STG Cb25,1
posterian,I1,STG Cs25-2,10
posterian,I1,MSB-Z č. 15-A Citadela,2
posterian,I1,LT-25-4,2
posterian,I1,PT25-95,4
posterian,I1,M40-105,1
posterian,I1,HTE-V2,1
posterian,I1,LT-25-3,3
posterian,I1,PT25-95-FLAT,4
posterian,I1,AMA C-3C,4
posterian,I2,MSB-Z č. 9-A,1
posterian,I2,STG AS25,1
posterian,I2,POS H-12 v2,2
posterian,I2,LT-21,1
posterian,I2,AMA C-3C,5
posterian,I2,M30-105,2
posterian,I2,AV 14M,2
posterian,I3,MSB-Z č. 9-A,1
posterian,I3,STG AS25,1
posterian,I3,POS H-12 v2,2
posterian,I3,LT-21,1
posterian,I3,AMA C-3C,5
posterian,I3,M30-105,2
posterian,I3,AV 14M,2
posterian,I4,MSB-Z č. 9-A,1
posterian,I4,POS H-12 v2,2
posterian,I4,LT-21,1
posterian,I4,AMA C-3C,5
posterian,I4,M30-105,2
posterian,I4,AV 14M,3
posterian,I5,MSB-Z č. 12-A,2
posterian,I5,POS H-10,4
posterian,I5,STG Cb17,1
posterian,I5,AV 12W,2
posterian,I5,POS H-12 v2,3
posterian,I5,AMA C-3A,3
posterian,I6,MSB-Z č. 12-A,2
posterian,I6,POS H-10,3
posterian,I6,STG Cb17,1
posterian,I6,AV 12W,2
posterian,I6,POS H-12 v2,4
posterian,I6,AMA C-3A,3
posterian,G1,STG Cb25,1
posterian,G1,STG Cs25-2,14
posterian,G1,MSB-Z č. 15-A Citadela,2
posterian,G1,LT-25-4,1
posterian,G1,PT25-95,4
posterian,G1,M40-105,1
posterian,G1,LT-25-3,1
posterian,G1,PT25-95-FLAT,4
posterian,G1,AMA C-3C,4
posterian,G2,STG Cb11,1
posterian,G2,STG AS25,4
posterian,G2,TE-V2VMA,1
posterian,G2,PT25-95-FLAT,1
posterian,G2,POS H-12 v2,3
posterian,G2,AMA C-3C,3
posterian,G3,STG Cb11,1
posterian,G3,STG AS25,4
posterian,G3,TE-V2VMA,1
posterian,G3,PT25-95-FLAT,1
posterian,G3,POS H-12 v2,3
posterian,G3,AMA C-3C,3
posterian,G4,STG Cb11,1
posterian,G4,M20-96,3
posterian,G4,STG Cs15,3
posterian,G4,AMA C-3C,3
posterian,G4,AMA C-3A,3
posterian,G5,STG Cs14,3
posterian,G5,AV 9M,1
posterian,G5,ZIK-ISAK 4-7,3
posterian,G5,MSB-Z č. 12-A,3
posterian,B1,STG Cb25,1
posterian,B1,STG Cs25-2,14
posterian,B1,MSB-Z č. 15-A Citadela,2
posterian,B1,LT-25-4,1
posterian,B1,PT25-95,4
posterian,B1,M40-105,1
posterian,B1,LT-25-3,1
posterian,B1,PT25-95-FLAT,2
posterian,B1,AMA C-3C,6
posterian,B2,BMW CL - 6 S11,12
posterian,B2,M20-96,3
posterian,B2,STG Cs14,2
posterian,B2,AV 26L,4
posterian,B2,STG AS25,2
posterian,B2,TE-V2VMA,1
posterian,B2,LT-23,1
posterian,B2,POS H-12 v2,3
posterian,B2,AMA C-3C,2
posterian,B2,AMA C-3B,2
posterian,B3,BMW CL - 6 S11,12
posterian,B3,M20-96,3
posterian,B3,STG Cs14,2
posterian,B3,AV 26L,4
posterian,B3,STG AS25,2
posterian,B3,TE-V2VMA,1
posterian,B3,LT-23,1
posterian,B3,POS H-12 v2,3
posterian,B3,AMA C-3C,2
posterian,B3,AMA C-3B,2
posterian,B4,BMW CL - 6 S11,12
posterian,B4,M20-96,3
posterian,B4,STG Cs14,2
posterian,B4,AV 26L,4
posterian,B4,STG AS25,2
posterian,B4,TE-V2VMA,1
posterian,B4,LT-23,1
posterian,B4,POS H-12 v2,3
posterian,B4,AMA C-3C,2
posterian,B4,AMA C-3B,2
posterian,B5,BMW CL - 6 S11,12
posterian,B5,M20-96,3
posterian,B5,STG Cs14,2
posterian,B5,AV 26L,4
posterian,B5,STG AS25,2
posterian,B5,TE-V2VMA,1
posterian,B5,LT-23,1
posterian,B5,POS H-12 v2,3
posterian,B5,AMA C-3C,2
posterian,B5,AMA C-3B,2
posterian,S1,MSB-Z č. 18-A,3
posterian,S1,STG Cb11,2
posterian,S1,LT-26 AT,2
posterian,S1,MSB-Z č. 12-A,2
posterian,S1,AV 10M,1
posterian,S1,POS H-12 v2,1
posterian,S1,LT-21,1
posterian,S2,MSB-Z č. 18-A,2
posterian,S2,STG Cb11,2
posterian,S2,LT-26 AT,3
posterian,S2,MSB-Z č. 12-A,2
posterian,S2,AV 10M,1
posterian,S2,POS H-12 v2,1
posterian,S2,LT-21,1
posterian,S3,MSB Cb2,2
posterian,S4,MSB-Z č. 2-A,1
posterian,S4,MSB Cb2,1
posterian,S5,MSB-Z č. 2-A,1
posterian,S5,MSB Cb2,1
posterian,S6,MSB-Z č. 2-A,1
posterian,S6,MSB Cb2,1
posterian,S7,MSB-Z č. 2-A,1
posterian,S7,MSB Cb2,1
posterian,S8,MSB-Z č. 2-A,1
posterian,S8,MSB Cb2,1
posterian,S9,MSB-Z č. 2-A,1
posterian,S9,MSB Cb2,1
posterian,S10,MSB-Z č. 2-A,1
posterian,S10,MSB Cb2,1
posterian,A1,STG Cb25,1
posterian,A1,STG Cs25-2,10
posterian,A1,MSB-Z č. 15-A Citadela,2
posterian,A1,MTE-V1,1
posterian,A1,LT-25-4,1
posterian,A1,PT25-95,5
posterian,A1,PT25-95-FLAT,3
posterian,A1,AMA C-3C,6
posterian,A1,M30-105,3
posterian,A2,MSB-Z č. 18-A,1
posterian,A2,STG Cb11,1
posterian,A2,AV 8H,1
posterian,A2,M20-96,3
posterian,A2,STG Cs14,1
posterian,A2,MSB-Z č. 9-A,2
posterian,A2,AV 10M,1
posterian,A2,BMW PT - 2  M54,3
posterian,A3,MSB-Z č. 18-A,1
posterian,A3,STG Cb11,1
posterian,A3,AV 8H,1
posterian,A3,M20-96,3
posterian,A3,STG Cs14,1
posterian,A3,MSB-Z č. 9-A,2
posterian,A3,AV 10M,1
posterian,A3,BMW PT - 2  M54,3
posterian,A4,MSB-Z č. 18-A,1
posterian,A4,STG Cb11,1
posterian,A4,AV 8H,1
posterian,A4,M20-96,3
posterian,A4,STG Cs14,1
posterian,A4,MSB-Z č. 9-A,2
posterian,A4,AV 10M,1
posterian,A4,BMW PT - 2  M54,3
posterian,K1,STG AS25,4
posterian,K1,LT-24,1
posterian,K1,PT25-95-FLAT,1
posterian,K1,POS H-12 v2,4
posterian,K1,AMA C-3C,3
posterian,K1,AMA C-3A,3
shoisho,shoisho Defence Force,BMW CL - 5 S65 Grasshopper,15
shoisho,1st silly catalry,ZIK-Skout 10,36
shoisho,1st silly catalry,ZIK-MAT 10,19
shoisho,1st silly catalry,HTE-V2,5
shoisho,1st silly catalry,TE-V2,6
shoisho,2nd silly Defence Force,ZIK-Skout 10,36
shoisho,2nd silly Defence Force,ZIK-MAT 10,19
shoisho,2nd silly Defence Force,HTE-V2,5
shoisho,2nd silly Defence Force,TE-V2,6
shoisho,1st paratank regiment,ZIK-Skout 10,14
shoisho,2nd paratank regiment,ZIK-Skout 10,14
shoisho,1st flagtank fleet,Type 7 OH-NO,1
shoisho,1st flagtank fleet,ZIK-MAT 10,15
shoisho,1st flagtank fleet,MTE-V1,10
shoisho,1st stroke force,ZIK-Skout 10,15
shoisho,1st stroke force,TE-V2VMA,6
shoisho,1st stroke force,ZIK-MAT 10,5
shoisho,1st stroke force,Ke-Ho (P),3
shoisho,2nd stroke force,ZIK-Skout 10,15
shoisho,2nd stroke force,TE-V2VMA,6
shoisho,2nd stroke force,ZIK-MAT 10,5
shoisho,2nd stroke force,Ke-Ho (P),3
shoisho,1st reserve fleet,Type-35 Ke-Ni,12
shoisho,1st reserve fleet,O-Ken I (P),4
shoisho,2nd reserve fleet,Type-35 Ke-Ni,12
shoisho,2nd reserve fleet,O-Ken I (P),4
shoisho,3rd reserve fleet,Type-17 Chi-ha,9
shoisho,3rd reserve fleet,Type 17 O-I (proto.),3
shoisho,3rd reserve fleet,Type-17 Chi-I,5
shoisho,1st scout group,C-2,2
shoisho,1st scout group,Type-17 Ke-Ha,3
Aeroette Munitions,501st Coastbreaker,SH-80 Geirvaldr,2
Aeroette Munitions,501st Coastbreaker,M40-105,2
Aeroette Munitions,501st Coastbreaker,PT25-95,7
Aeroette Munitions,501st Coastbreaker,PT25-95-FLAT,5
Aeroette Munitions,69th Capital Control,B4-LL,3
Zavark Industrial Kompany,capital raid 1,ZIK-BOI Skout,11
Zavark Industrial Kompany,capital raid 1,ZIK-AT 10.2,2
Zavark Industrial Kompany,capital raid 1,ZIK-Skout 10.2,4
Zavark Industrial Kompany,capital raid 1,ZIK-MAT 10,1
Zavark Industrial Kompany,capital raid 2,ZIK-BOI Skout,11
Zavark Industrial Kompany,capital raid 2,ZIK-Skout 10.2,4
Zavark Industrial Kompany,capital raid 3,ZIK-BOI Skout,11
Zavark Industrial Kompany,capital raid 3,ZIK-Skout 10.2,7
Zavark Industrial Kompany,capital raid 3,ZIK-MAT 10,2
Zavark Industrial Kompany,capital raid 3,POS H-12,4
Zavark Industrial Kompany,capital raid 3,POS H-16 v2,5
Zavark Industrial Kompany,capital raid 4,ZIK-BOI Skout,11
Zavark Industrial Kompany,capital raid 5,ZIK-BOI Skout,11
Zavark Industrial Kompany,capital raid 6,ZIK-BOI Skout,11
Zavark Industrial Kompany,capital raid 7,ZIK-BOI Skout,11
Zavark Industrial Kompany,capital raid 8,ZIK-BOI Skout,11
Zavark Industrial Kompany,capital raid 9,ZIK-BOI Skout,11
Zavark Industrial Kompany,capital raid 10,ZIK-BOI Skout,11
AVM Ltd.,Division Red,.Nigelcore [AV],14
AVM Ltd.,Division Red,Buy AVM Next Time [AV],2
AVM Ltd.,Division Yellow,.Nigelcore [AV],6
AVM Ltd.,Division Blue,.Nigelcore [AV],6
AVM Ltd.,Division Black,.Nigelcore [AV],6
AVM Ltd.,Division Black,Buy AVM Next Time [AV],2
AVM Ltd.,Division Green,.Nigelcore [AV],6
AVM Ltd.,Division Aqua,Buy AVM Next Time [AV],5
AVM Ltd.,Hwachan,AV Invader,1
AVM Ltd.,Xinsu,AV Invader,1
AVM Ltd.,Kumiagari,AV Invader,1
AVM Ltd.,Zhong,AV Invader,1
AVM Ltd.,Torobe,AV Invader,1
AVM Ltd.,Unhuang,AV Invader,1
AVM Ltd.,Huang,AV Invader,1
AVM Ltd.,Naoshisajuku,AV Invader,1
AVM Ltd.,Seong,Waffles cant aim [AV],1
Clippit Manufacturing,The Tomfoolery Train,LT-25-4,10
Clippit Manufacturing,The Tomfoolery Train,LT-25-3,5
Clippit Manufacturing,The Tomfoolery Train,LT-24,1
Clippit Manufacturing,The Tomfoolery Train,LT-25,1
Clippit Manufacturing,The Tomfoolery Train,LT-25-2,2
Clippit Manufacturing,The Tomfoolery Train,Shoisho's chances at winning,1
Clippit Manufacturing,The Tomfoolery Train,LT-26 AT,5
Clippit Manufacturing,The Tomfoolery Train,MSB-Z č. 18-A,5
Clippit Manufacturing,The Tomfoolery Train,MSB-Z č. 12-A,1
Clippit Manufacturing,The Chenzhou Tea Party,LT-25-4,5
Clippit Manufacturing,The Chenzhou Tea Party,LT-26 AT,4
Clippit Manufacturing,The Chenzhou Tea Party,Shoisho's chances at winning,1
